Tonality,MIC,Pitch STD,MIS,Onset Density,nPVI,RIC
0.04226887176974359,0.08907380112645658,0.011329658324090386,0.27940828398373674,1.0580549269385773,0.05785664678050206,0.01278793924461935
